city,state
Anaheim,California
Arlington,Texas
Atlanta,Georgia
Baltimore,Maryland
Boston,Massachusetts
Brooklyn,New York
Carson,California
Charlotte,North Carolina
Chicago,Illinois
Cincinnati,Ohio
Cleveland,Ohio
Dallas,Texas
Denver,Colorado
Detroit,Michigan
East Rutherford,New Jersey
Foxborough,Massachusetts
Glendale,Arizona
Green Bay,Wisconsin
Houston,Texas
Indianapolis,Indiana
Jacksonville,Florida
Kansas City,Missouri
Landover,Maryland
Los Angeles,California
Memphis,Tennessee
Miami,Florida
Miami Gardens,Florida
Milwaukee,Wisconsin
Minneapolis,Minnesota
Nashville,Tennessee
New Orleans,Louisiana
New York,New York
Oakland,California
Oklahoma City,Oklahoma
Orchard Park,New York
Orlando,Florida
Philadelphia,Pennsylvania
Phoenix,Arizona
Pittsburgh,Pennsylvania
Portland,Oregon
Sacramento,California
Salt Lake City,Utah
San Antonio,Texas
San Diego,California
San Francisco,California
Seattle,Washington
St. Louis,Missouri
Tampa,Florida
Toronto,Ontario
Washington,D.C.